Video_name,YT,DF,F2F,FS,NT,,,YT,DF,F2F,FS,NT
000.mp4,0.1,0,0.01,0,0,,<0.11,111,914,910,818,864
001.mp4,0.3,0,0,0.06,0,,>=0.11,889,86,90,182,136
002.mp4,0.42,0,0.01,0,0.09,,¥¿½T(TP/TP+FP),0.889,0.914,0.91,0.818,0.864
003.mp4,0.19,0,0,0,0,,¿ù»~,0.111,0.086,0.09,0.182,0.136
004.mp4,0.17,0,0,0,0,,,,,,,
005.mp4,0.16,0,0,0,0,,,YT,DF,F2F,FS,NT
006.mp4,0.2,0.01,0,0.01,0,,<0.12,129,919,919,831,877
007.mp4,0.25,0.03,0,0.14,0,,>=0.12,871,81,81,169,123
008.mp4,0.2,0.18,0.16,0.16,0.13,,¥¿½T(TP/TP+FP),0.871,0.919,0.919,0.831,0.877
009.mp4,0.19,0,0,0,0,,¿ù»~,0.129,0.081,0.081,0.169,0.123
010.mp4,0.61,0,0,0.06,0,,,,,,,
011.mp4,0.68,0,0.02,0.16,0.03,,,,,,,
012.mp4,0.34,0.25,0.04,0.24,0.12,,,YT,DF,F2F,FS,NT
013.mp4,0.16,0,0.04,0.18,0.11,,<0.13,138,927,923,842,885
014.mp4,0.18,0,0,0.06,0,,>=0.13,862,73,77,158,115
015.mp4,0.17,0.01,0,0,0.06,,¥¿½T(TP/TP+FP),0.862,0.927,0.923,0.842,0.885
016.mp4,0.21,0,0.02,0.04,0.07,,¿ù»~,0.138,0.073,0.077,0.158,0.115
017.mp4,0.41,0,0,0,0,,,,,,,
018.mp4,0.18,0.14,0.01,0.06,0.03,,,,,,,
019.mp4,0.37,0,0.06,0.04,0.23,,,YT,DF,F2F,FS,NT
020.mp4,0.36,0,0,0,0,,<0.14,153,936,927,853,894
021.mp4,0.42,0,0,0.01,0.03,,>=0.14,847,64,73,147,106
022.mp4,0.39,0.12,0.09,0.12,0.11,,¥¿½T(TP/TP+FP),0.847,0.936,0.927,0.853,0.894
023.mp4,0.03,0,0,0.02,0,,¿ù»~,0.153,0.064,0.073,0.147,0.106
024.mp4,0.38,0,0.27,0,0.28,,,,,,,
025.mp4,0.25,0,0.06,0.05,0.13,,,,,,,
026.mp4,0.55,0,0.07,0.03,0.05,,,,,,,
027.mp4,0.19,0,0,0,0,,,,,,,
028.mp4,0.29,0.03,0,0.17,0,,,,,,,
029.mp4,0.22,0,0.03,0.03,0.07,,,,,,,
030.mp4,0.18,0.18,0.01,0.01,0,,,,,,,
031.mp4,0.46,0,0,0,0,,,,,,,
032.mp4,0.13,0,0,0,0,,,,,,,
033.mp4,0.85,0,0,0.01,0,,,,,,,
034.mp4,0.22,0,0.04,0,0.05,,,,,,,
035.mp4,0.37,0,0,0.01,0,,,,,,,
036.mp4,0.15,0,0,0.02,0.01,,,,,,,
037.mp4,0.01,0,0,0,0,,,,,,,
038.mp4,0.22,0,0,0,0.01,,,,,,,
039.mp4,0.2,0,0,0,0,,,,,,,
040.mp4,0.3,0,0.03,0.04,0.02,,,,,,,
041.mp4,0.3,0,0,0,0.01,,,,,,,
042.mp4,0.35,0.01,0.01,0.06,0.02,,,,,,,
043.mp4,0.07,0,0,0.03,0,,,,,,,
044.mp4,0.16,0.32,0,0.08,0,,,,,,,
045.mp4,0.36,0,0.15,0.04,0.11,,,,,,,
046.mp4,0.15,0,0,0.01,0,,,,,,,
047.mp4,0.09,0,0,0,0,,,,,,,
048.mp4,0.58,0,0,0.01,0,,,,,,,
049.mp4,0.09,0,0,0,0,,,,,,,
050.mp4,0.04,0,0,0,0,,,,,,,
051.mp4,0.29,0,0.41,0.07,0.68,,,,,,,
052.mp4,0.39,0,0.01,0.01,0.01,,,,,,,
053.mp4,0.31,0.15,0.05,0.14,0.1,,,,,,,
054.mp4,0.19,0.37,0,0.49,0.01,,,,,,,
055.mp4,0.36,0,0,0,0,,,,,,,
056.mp4,0.34,0,0,0.04,0,,,,,,,
057.mp4,0.05,0,0,0,0.01,,,,,,,
058.mp4,0.1,0,0,0,0,,,,,,,
059.mp4,0.16,0,0,0,0,,,,,,,
060.mp4,0.52,0.03,0,0.16,0,,,,,,,
061.mp4,0.19,0,0,0.02,0,,,,,,,
062.mp4,0.06,0,0,0,0,,,,,,,
063.mp4,0.17,0.05,0,0.03,0.02,,,,,,,
064.mp4,0.1,0,0,0,0,,,,,,,
065.mp4,0.49,0,0.01,0.25,0,,,,,,,
066.mp4,0.19,0,0,0,0,,,,,,,
067.mp4,0.29,0.02,0.01,0.09,0.07,,,,,,,
068.mp4,0.23,0.12,0.25,0.07,0.2,,,,,,,
069.mp4,0.31,0,0.09,0.2,0.2,,,,,,,
070.mp4,0.36,0.01,0.01,0.48,0,,,,,,,
071.mp4,0.31,0,0.02,0.02,0.15,,,,,,,
072.mp4,0.15,0,0,0.05,0,,,,,,,
073.mp4,0.3,0.08,0,0.17,0,,,,,,,
074.mp4,0.08,0,0.05,0,0.03,,,,,,,
075.mp4,0.83,0.01,0,0.02,0,,,,,,,
076.mp4,0.17,0,0,0.02,0,,,,,,,
077.mp4,0.47,0,0.09,0.11,0.04,,,,,,,
078.mp4,0.21,0,0,0,0.03,,,,,,,
079.mp4,0.13,0,0,0,0,,,,,,,
080.mp4,0.07,0,0,0,0,,,,,,,
081.mp4,0.17,0,0.01,0.09,0.06,,,,,,,
082.mp4,0.1,0.02,0,0.01,0,,,,,,,
083.mp4,0.7,0,0,0.01,0,,,,,,,
084.mp4,0.72,0,0,0.02,0.02,,,,,,,
085.mp4,0.22,0.05,0,0.15,0,,,,,,,
086.mp4,0.18,0.03,0,0.02,0,,,,,,,
087.mp4,0.03,0.05,0,0,0,,,,,,,
088.mp4,0.15,0,0.02,0,0.03,,,,,,,
089.mp4,0.28,0,0,0,0,,,,,,,
090.mp4,0.3,0,0.04,0.05,0.17,,,,,,,
091.mp4,0.53,0,0.03,0.01,0.01,,,,,,,
092.mp4,0.01,0,0,0,0,,,,,,,
093.mp4,0.51,0.22,0.01,0.15,0,,,,,,,
094.mp4,0.53,0,0,0,0,,,,,,,
095.mp4,0.38,0,0,0.12,0.01,,,,,,,
096.mp4,0.32,0,0,0.05,0.05,,,,,,,
097.mp4,0.14,0,0,0,0,,,,,,,
098.mp4,0.34,0,0,0.02,0,,,,,,,
099.mp4,0.18,0,0,0,0,,,,,,,
100.mp4,0.33,0,0,0,0.02,,,,,,,
101.mp4,0.42,0.01,0.05,0.02,0.07,,,,,,,
102.mp4,0.2,0,0,0,0,,,,,,,
103.mp4,0.26,0,0.08,0.04,0.03,,,,,,,
104.mp4,0.27,0.08,0,0.01,0,,,,,,,
105.mp4,0.17,0.08,0,0.17,0.08,,,,,,,
106.mp4,0.16,0,0,0.05,0,,,,,,,
107.mp4,0.15,0,0,0.31,0,,,,,,,
108.mp4,0.18,0.08,0.18,0.42,0.16,,,,,,,
109.mp4,0.11,0.01,0,0,0,,,,,,,
110.mp4,0.26,0,0.38,0.02,0.31,,,,,,,
111.mp4,0.33,0,0,0,0.05,,,,,,,
112.mp4,0.5,0,0.03,0.08,0.01,,,,,,,
113.mp4,0.29,0.41,0.01,0.16,0.06,,,,,,,
114.mp4,0.14,0,0,0,0,,,,,,,
115.mp4,0.31,0,0,0,0.01,,,,,,,
116.mp4,0.23,0.01,0,0.11,0.01,,,,,,,
117.mp4,0.36,0,0.11,0.02,0.05,,,,,,,
118.mp4,0.08,0,0,0,0,,,,,,,
119.mp4,0.14,0,0.01,0.13,0.08,,,,,,,
120.mp4,0.49,0,0.06,0.19,0.11,,,,,,,
121.mp4,0.34,0,0.06,0.01,0.05,,,,,,,
122.mp4,0.17,0,0.06,0.05,0.02,,,,,,,
123.mp4,0.27,0.01,0.01,0.04,0.11,,,,,,,
124.mp4,0.3,0.06,0.57,0.46,0.76,,,,,,,
125.mp4,0.09,0,0,0.07,0.09,,,,,,,
126.mp4,0.1,0,0.03,0.05,0,,,,,,,
127.mp4,0.91,0.13,0.2,0.14,0.23,,,,,,,
128.mp4,0.24,0,0,0,0,,,,,,,
129.mp4,0.91,0.01,0,0.02,0,,,,,,,
130.mp4,0.28,0,0.02,0.06,0.04,,,,,,,
131.mp4,0.36,0,0.14,0.46,0.18,,,,,,,
132.mp4,0.26,0,0,0,0.01,,,,,,,
133.mp4,0.25,0,0,0,0,,,,,,,
134.mp4,0.18,0.04,0.05,0,0.1,,,,,,,
135.mp4,0.26,0,0,0.02,0,,,,,,,
136.mp4,0.18,0.04,0,0,0,,,,,,,
137.mp4,0.13,0,0,0,0,,,,,,,
138.mp4,0.22,0.01,0.3,0.42,0.3,,,,,,,
139.mp4,0.06,0.24,0.02,0.04,0.04,,,,,,,
140.mp4,0.26,0,0,0,0,,,,,,,
141.mp4,0.29,0,0.05,0.07,0.08,,,,,,,
142.mp4,0.24,0.13,0,0,0,,,,,,,
143.mp4,0.25,0,0,0,0,,,,,,,
144.mp4,0.26,0.07,0.01,0.04,0.01,,,,,,,
145.mp4,0.35,0,0,0,0.06,,,,,,,
146.mp4,0.43,0,0.11,0.03,0.09,,,,,,,
147.mp4,0.22,0,0,0,0,,,,,,,
148.mp4,0.63,0,0,0.02,0,,,,,,,
149.mp4,0.21,0.05,0,0.01,0.01,,,,,,,
150.mp4,0.22,0.01,0.02,0.01,0.02,,,,,,,
151.mp4,0.45,0.1,0.23,0.35,0.24,,,,,,,
152.mp4,0.36,0,0.07,0.37,0.12,,,,,,,
153.mp4,0.38,0,0.01,0.1,0.01,,,,,,,
154.mp4,0.59,0.07,0.08,0.06,0.09,,,,,,,
155.mp4,0.29,0,0,0.16,0.01,,,,,,,
156.mp4,0.21,0,0,0,0,,,,,,,
157.mp4,0.2,0,0.01,0,0.04,,,,,,,
158.mp4,0.24,0,0,0,0.01,,,,,,,
159.mp4,0.22,0.22,0,0.03,0,,,,,,,
160.mp4,0.32,0,0.09,0,0.01,,,,,,,
161.mp4,0.23,0.03,0,0.03,0,,,,,,,
162.mp4,0.22,0.02,0,0.01,0,,,,,,,
163.mp4,0.21,0,0,0,0,,,,,,,
164.mp4,0.27,0,0,0.01,0.01,,,,,,,
165.mp4,0.07,0,0,0.07,0,,,,,,,
166.mp4,0.22,0.06,0,0.01,0.02,,,,,,,
167.mp4,0.42,0,0.02,0.07,0.02,,,,,,,
168.mp4,0.45,0,0.17,0.28,0.17,,,,,,,
169.mp4,0.27,0.22,0.82,0.97,0.71,,,,,,,
170.mp4,0.29,0,0.03,0.07,0.05,,,,,,,
171.mp4,0.24,0,0,0.02,0,,,,,,,
172.mp4,0.32,0.01,0.08,0.15,0.09,,,,,,,
173.mp4,0.29,0,0.03,0.01,0.15,,,,,,,
174.mp4,0.36,0.05,0,0,0,,,,,,,
175.mp4,0.21,0,0,0,0.13,,,,,,,
176.mp4,0.5,0,0.01,0.06,0,,,,,,,
177.mp4,0.22,0,0,0,0,,,,,,,
178.mp4,0.26,0.02,0.01,0.02,0,,,,,,,
179.mp4,0.63,0.01,0.01,0.01,0.01,,,,,,,
180.mp4,0.27,0.04,0.08,0.14,0.14,,,,,,,
181.mp4,0.33,0,0.26,0,0.26,,,,,,,
182.mp4,0.31,0.93,0.25,0.2,0.37,,,,,,,
183.mp4,0.41,0.01,0,0,0,,,,,,,
184.mp4,0.21,0,0,0,0,,,,,,,
185.mp4,0.03,0,0,0.29,0,,,,,,,
186.mp4,0.53,0.01,0,0,0,,,,,,,
187.mp4,0.63,0,0,0.04,0,,,,,,,
188.mp4,0.2,0,0.03,0.03,0.05,,,,,,,
189.mp4,0.22,0,0,0,0,,,,,,,
190.mp4,0.37,0,0,0.01,0.04,,,,,,,
191.mp4,0.39,0.05,0.03,0.06,0.02,,,,,,,
192.mp4,0.34,0.05,0,0.22,0,,,,,,,
193.mp4,0.22,0,0,0.06,0.01,,,,,,,
194.mp4,0.04,0,0,0,0,,,,,,,
195.mp4,0.19,0,0,0,0,,,,,,,
196.mp4,0.31,0,0,0,0,,,,,,,
197.mp4,0.33,0,0,0.09,0,,,,,,,
198.mp4,0.78,0,0,0,0.01,,,,,,,
199.mp4,0.05,0.12,0,0.11,0,,,,,,,
200.mp4,0.18,0,0,0.15,0,,,,,,,
201.mp4,0.3,0,0.3,0.03,0.37,,,,,,,
202.mp4,0.14,0,0.02,0.19,0.11,,,,,,,
203.mp4,0.24,0.2,0,0.01,0,,,,,,,
204.mp4,0.27,0,0.21,0.09,0.21,,,,,,,
205.mp4,0.35,0.01,0.02,0.08,0.12,,,,,,,
206.mp4,0.25,0,0.23,0.29,0.23,,,,,,,
207.mp4,0.27,0.12,0.15,0.32,0.14,,,,,,,
208.mp4,0.28,0,0,0,0,,,,,,,
209.mp4,0.55,0.04,0.01,0.01,0,,,,,,,
210.mp4,0.29,0.21,0,0.15,0,,,,,,,
211.mp4,0.52,0,0,0,0,,,,,,,
212.mp4,0.06,0,0,0,0,,,,,,,
213.mp4,0.27,0,0.01,0.01,0.01,,,,,,,
214.mp4,0.11,0,0.01,0.09,0.02,,,,,,,
215.mp4,0.29,0,0,0,0,,,,,,,
216.mp4,0.4,0.01,0.01,0.15,0.01,,,,,,,
217.mp4,0.33,0.1,0.01,0.03,0,,,,,,,
218.mp4,0.02,0,0,0,0,,,,,,,
219.mp4,0.42,0.02,0.03,0.12,0.14,,,,,,,
220.mp4,0.13,0.01,0,0,0,,,,,,,
221.mp4,0.89,0.03,0.01,0.01,0.01,,,,,,,
222.mp4,0.27,0.04,0.02,0.17,0.06,,,,,,,
223.mp4,0.37,0,0.03,0.18,0.02,,,,,,,
224.mp4,0.07,0.13,0,0.06,0,,,,,,,
225.mp4,0.38,0.14,0.06,0.62,0.2,,,,,,,
226.mp4,0.52,0,0.05,0.07,0.08,,,,,,,
227.mp4,0.36,0.02,0.11,0,0.08,,,,,,,
228.mp4,0.26,0,0,0.02,0,,,,,,,
229.mp4,0.26,0.09,0.03,0.04,0.05,,,,,,,
230.mp4,0.35,0.05,0.09,0.14,0.37,,,,,,,
231.mp4,0.8,0,0,0,0,,,,,,,
232.mp4,0.64,0.07,0.02,0.25,0.11,,,,,,,
233.mp4,0.75,0,0,0.01,0,,,,,,,
234.mp4,0.2,0.05,0.14,0,0.27,,,,,,,
235.mp4,0.05,0,0,0,0,,,,,,,
236.mp4,0.27,0,0.06,0.02,0.17,,,,,,,
237.mp4,0.37,0.01,0,0.27,0,,,,,,,
238.mp4,0.22,0.13,0,0,0,,,,,,,
239.mp4,0.69,0,0,0.01,0,,,,,,,
240.mp4,0.57,0,0,0.01,0,,,,,,,
241.mp4,0.3,0,0.07,0.01,0.03,,,,,,,
242.mp4,0.11,0.03,0.89,0.95,0.89,,,,,,,
243.mp4,0.23,0.02,0,0,0,,,,,,,
244.mp4,0.24,0,0.02,0.04,0.01,,,,,,,
245.mp4,0.27,0.01,0,0,0,,,,,,,
246.mp4,0.24,0.02,0,0.04,0.01,,,,,,,
247.mp4,0.36,0,0,0.05,0.03,,,,,,,
248.mp4,0.34,0.13,0.2,0.13,0.24,,,,,,,
249.mp4,0.4,0.01,0,0.13,0,,,,,,,
250.mp4,0.25,0.01,0.01,0.05,0.03,,,,,,,
251.mp4,0.28,0,0.01,0.07,0.07,,,,,,,
252.mp4,0.14,0,0,0,0,,,,,,,
253.mp4,0.16,0,0,0.03,0,,,,,,,
254.mp4,0.34,0.17,0.06,0.14,0.38,,,,,,,
255.mp4,0.25,0,0.05,0.02,0.06,,,,,,,
256.mp4,0.21,0.01,0.01,0.13,0.06,,,,,,,
257.mp4,0.11,0.01,0,0,0,,,,,,,
258.mp4,0.29,0.02,0,0.07,0.09,,,,,,,
259.mp4,0.41,0,0,0,0,,,,,,,
260.mp4,0.13,0.06,0,0.08,0,,,,,,,
261.mp4,0.15,0,0.04,0.1,0,,,,,,,
262.mp4,0.46,0.41,0.24,0.04,0.48,,,,,,,
263.mp4,0.51,0,0,0,0,,,,,,,
264.mp4,0.3,0,0,0,0,,,,,,,
265.mp4,0.22,0,0.09,0.01,0.17,,,,,,,
266.mp4,0.01,0,0,0,0,,,,,,,
267.mp4,0.1,0,0,0.01,0,,,,,,,
268.mp4,0.28,0,0.01,0.04,0.04,,,,,,,
269.mp4,0.11,0,0,0,0,,,,,,,
270.mp4,0.17,0,0,0,0,,,,,,,
271.mp4,0.15,0,0,0,0,,,,,,,
272.mp4,0.16,0.04,0,0.02,0.01,,,,,,,
273.mp4,0.34,0,0.01,0,0.03,,,,,,,
274.mp4,0.5,0.05,0,0,0.13,,,,,,,
275.mp4,0.17,0,0,0.01,0,,,,,,,
276.mp4,0.34,0,0,0,0,,,,,,,
277.mp4,0.66,0,0,0,0,,,,,,,
278.mp4,0.17,0,0,0,0,,,,,,,
279.mp4,0.35,0.04,0.48,0.34,0.24,,,,,,,
280.mp4,0.25,0.09,0.04,0.02,0.02,,,,,,,
281.mp4,0.13,0.01,0,0.05,0.05,,,,,,,
282.mp4,0.27,0,0.12,0.01,0.19,,,,,,,
283.mp4,0.27,0,0,0,0,,,,,,,
284.mp4,0.29,0,0,0,0,,,,,,,
285.mp4,0.44,0,0,0.02,0,,,,,,,
286.mp4,0.49,0,0.04,0,0.04,,,,,,,
287.mp4,0.39,0,0.11,0.01,0.08,,,,,,,
288.mp4,0.36,0.22,0,0.06,0.01,,,,,,,
289.mp4,0.83,0,0,0,0,,,,,,,
290.mp4,0.14,0,0,0,0,,,,,,,
291.mp4,0.34,0.01,0.13,0.05,0.12,,,,,,,
292.mp4,0.35,0,0,0.15,0.01,,,,,,,
293.mp4,0.32,0,0,0,0,,,,,,,
294.mp4,0.09,0.06,0.1,0.01,0.05,,,,,,,
295.mp4,0.27,0,0,0.01,0.01,,,,,,,
296.mp4,0.06,0,0.02,0,0.01,,,,,,,
297.mp4,0.08,0,0,0.01,0,,,,,,,
298.mp4,0.24,0.49,0.03,0.13,0.03,,,,,,,
299.mp4,0.1,0,0.02,0.33,0.01,,,,,,,
300.mp4,0.19,0,0,0,0,,,,,,,
301.mp4,0.69,0.02,0,0.12,0,,,,,,,
302.mp4,0.13,0.04,0,0.23,0,,,,,,,
303.mp4,0.07,0.04,0.03,0,0.04,,,,,,,
304.mp4,0.02,0,0,0,0,,,,,,,
305.mp4,0.75,0.02,0.02,0.02,0.02,,,,,,,
306.mp4,0.21,0,0,0.01,0,,,,,,,
307.mp4,0.36,0,0,0,0,,,,,,,
308.mp4,0.29,0.39,0,0.18,0,,,,,,,
309.mp4,0.34,0.01,0.13,0.28,0.14,,,,,,,
310.mp4,0.24,0,0,0.01,0,,,,,,,
311.mp4,0.22,0,0.01,0.24,0,,,,,,,
312.mp4,0.14,0,0,0,0,,,,,,,
313.mp4,0.12,0,0,0.05,0.03,,,,,,,
314.mp4,0.3,0,0,0,0,,,,,,,
315.mp4,0.12,0.28,0,0,0.03,,,,,,,
316.mp4,0.18,0,0,0.01,0,,,,,,,
317.mp4,0.08,0,0,0,0,,,,,,,
318.mp4,0.2,0.05,0,0.01,0,,,,,,,
319.mp4,0.15,0,0,0,0,,,,,,,
320.mp4,0.41,0,0.05,0.2,0.07,,,,,,,
321.mp4,0.46,0.09,0.46,0.69,0.6,,,,,,,
322.mp4,0.44,0,0.15,0.07,0.08,,,,,,,
323.mp4,0.12,0,0.02,0,0.01,,,,,,,
324.mp4,0.31,0,0.19,0,0.08,,,,,,,
325.mp4,0.54,0,0,0.03,0,,,,,,,
326.mp4,0.31,0.01,0.16,0.01,0.24,,,,,,,
327.mp4,0.2,0,0.3,0.01,0.07,,,,,,,
328.mp4,0.39,0,0.08,0.14,0.05,,,,,,,
329.mp4,0.34,0.53,0,0.07,0,,,,,,,
330.mp4,0.16,0,0.02,0.02,0,,,,,,,
331.mp4,0.26,0,0.29,0,0.33,,,,,,,
332.mp4,0.36,0.07,0,0.09,0,,,,,,,
333.mp4,0.16,0.01,0,0.03,0,,,,,,,
334.mp4,0.23,0,0.05,0.01,0.06,,,,,,,
335.mp4,0.67,0,0,0.14,0,,,,,,,
336.mp4,0.21,0,0,0.01,0,,,,,,,
337.mp4,0.14,0.01,0,0,0,,,,,,,
338.mp4,0.53,0,0,0.01,0,,,,,,,
339.mp4,0.03,0.23,0.01,0.07,0.01,,,,,,,
340.mp4,0.2,0,0,0.02,0,,,,,,,
341.mp4,0.1,0.03,0,0,0,,,,,,,
342.mp4,0.41,0,0,0,0,,,,,,,
343.mp4,0.28,0,0,0,0,,,,,,,
344.mp4,0.91,0.1,0.18,0.18,0.17,,,,,,,
345.mp4,0.25,0,0,0,0,,,,,,,
346.mp4,0.29,0.21,0,0.7,0,,,,,,,
347.mp4,0.03,0,0,0.07,0.02,,,,,,,
348.mp4,0.15,0,0,0.01,0,,,,,,,
349.mp4,0.63,0,0.01,0.01,0,,,,,,,
350.mp4,0.17,0,0,0,0,,,,,,,
351.mp4,0.25,0,0,0,0,,,,,,,
352.mp4,0.16,0,0,0,0,,,,,,,
353.mp4,0.27,0.08,0,0.04,0,,,,,,,
354.mp4,0.29,0,0,0,0.03,,,,,,,
355.mp4,0.31,0,0.14,0.01,0.14,,,,,,,
356.mp4,0.54,0,0,0.01,0,,,,,,,
357.mp4,0.96,0.01,0,0,0,,,,,,,
358.mp4,0.15,0,0,0,0,,,,,,,
359.mp4,0.22,0.02,0,0.05,0,,,,,,,
360.mp4,0.15,0,0,0.02,0,,,,,,,
361.mp4,0.23,0,0.04,0.13,0.18,,,,,,,
362.mp4,0.39,0.02,0,0.04,0,,,,,,,
363.mp4,0.38,0,0,0,0,,,,,,,
364.mp4,0.25,0,0,0.01,0,,,,,,,
365.mp4,0.48,0,0,0,0,,,,,,,
366.mp4,0.2,0,0,0.02,0,,,,,,,
367.mp4,0.38,0.1,0.02,0.12,0.2,,,,,,,
368.mp4,0.32,0,0,0,0,,,,,,,
369.mp4,0.04,0,0.02,0.18,0.01,,,,,,,
370.mp4,0.34,0.03,0,0.02,0.49,,,,,,,
371.mp4,0.37,0.28,0.54,0.54,0.68,,,,,,,
372.mp4,0.16,0,0.01,0.29,0.04,,,,,,,
373.mp4,0.38,0,0,0.02,0,,,,,,,
374.mp4,0.3,0.05,0.02,0.01,0.03,,,,,,,
375.mp4,0.2,0,0,0,0,,,,,,,
376.mp4,0.36,0.4,0.04,0.37,0.15,,,,,,,
377.mp4,0.11,0,0,0,0,,,,,,,
378.mp4,0.34,0,0,0,0,,,,,,,
379.mp4,0.21,0.03,0,0.26,0.01,,,,,,,
380.mp4,0.3,0,0,0.02,0,,,,,,,
381.mp4,0.17,0,0,0.01,0,,,,,,,
382.mp4,0.15,0,0,0.03,0,,,,,,,
383.mp4,0.32,0,0,0.01,0.07,,,,,,,
384.mp4,0.34,0.01,0.01,0.53,0,,,,,,,
385.mp4,0.46,0.01,0.13,0.11,0.07,,,,,,,
386.mp4,0.18,0.02,0.01,0.13,0.03,,,,,,,
387.mp4,0.12,0.01,0.03,0,0.05,,,,,,,
388.mp4,0.22,0,0.04,0,0.05,,,,,,,
389.mp4,0.12,0.05,0.04,0,0,,,,,,,
390.mp4,0.34,0,0,0.02,0,,,,,,,
391.mp4,0.04,0,0.02,0.01,0.02,,,,,,,
392.mp4,0.23,0,0.03,0.08,0.15,,,,,,,
393.mp4,0.18,0,0.05,0,0.08,,,,,,,
394.mp4,0.07,0,0,0,0,,,,,,,
395.mp4,0.21,0,0.01,0,0.02,,,,,,,
396.mp4,0.25,0,0,0.08,0,,,,,,,
397.mp4,0.17,0.02,0.05,0.01,0.03,,,,,,,
398.mp4,0.19,0.33,0.03,0.34,0.06,,,,,,,
399.mp4,0.17,0,0,0.01,0,,,,,,,
400.mp4,0.56,0.01,0.01,0.08,0.05,,,,,,,
401.mp4,0.34,0,0,0.04,0,,,,,,,
402.mp4,0.29,0.1,0.07,0.14,0.24,,,,,,,
403.mp4,0.21,0.04,0,0.01,0,,,,,,,
404.mp4,0.42,0.11,0,0.04,0,,,,,,,
405.mp4,0.48,0,0,0.15,0,,,,,,,
406.mp4,0.36,0.07,0,0.01,0,,,,,,,
407.mp4,0.29,0,0,0.04,0,,,,,,,
408.mp4,0.14,0,0,0,0,,,,,,,
409.mp4,0.27,0,0.01,0.03,0.02,,,,,,,
410.mp4,0.36,0,0.01,0,0,,,,,,,
411.mp4,0.84,0,0.01,0.08,0.02,,,,,,,
412.mp4,0.32,0.03,0,0.26,0.02,,,,,,,
413.mp4,0.16,0.04,0,0,0,,,,,,,
414.mp4,0.34,0.02,0.23,0.08,0.34,,,,,,,
415.mp4,0.26,0,0.02,0.06,0,,,,,,,
416.mp4,0.4,0,0,0,0,,,,,,,
417.mp4,0.11,0,0.01,0.04,0.01,,,,,,,
418.mp4,0.1,0,0.01,0,0,,,,,,,
419.mp4,0.96,0.01,0,0.09,0,,,,,,,
420.mp4,0.22,0,0,0.01,0,,,,,,,
421.mp4,0.2,0,0.01,0,0.02,,,,,,,
422.mp4,0.26,0,0.05,0,0,,,,,,,
423.mp4,0.34,0,0,0.07,0.05,,,,,,,
424.mp4,0.13,0,0,0,0,,,,,,,
425.mp4,0.38,0,0.02,0,0.09,,,,,,,
426.mp4,0.93,0.03,0,0,0,,,,,,,
427.mp4,0.37,0,0,0.03,0,,,,,,,
428.mp4,0.25,0.03,0.13,0.41,0.25,,,,,,,
429.mp4,0.24,0,0.01,0,0,,,,,,,
430.mp4,0.06,0,0,0.22,0,,,,,,,
431.mp4,0.35,0.02,0,0.01,0,,,,,,,
432.mp4,0.27,0,0,0.1,0,,,,,,,
433.mp4,0.25,0,0,0,0,,,,,,,
434.mp4,0.1,0.05,0,0.01,0.01,,,,,,,
435.mp4,0.22,0,0,0,0.01,,,,,,,
436.mp4,0.15,0,0,0,0,,,,,,,
437.mp4,0.1,0,0,0.03,0.02,,,,,,,
438.mp4,0.25,0.09,0.03,0.52,0.11,,,,,,,
439.mp4,0.25,0,0.02,0.11,0.01,,,,,,,
440.mp4,0.37,0,0,0,0,,,,,,,
441.mp4,0.26,0.07,0,0.02,0,,,,,,,
442.mp4,0.1,0,0,0,0,,,,,,,
443.mp4,0.51,0,0,0.01,0,,,,,,,
444.mp4,0.3,0,0,0,0,,,,,,,
445.mp4,0.8,0,0,0,0,,,,,,,
446.mp4,0.58,0,0,0,0,,,,,,,
447.mp4,0.44,0,0,0,0,,,,,,,
448.mp4,0.29,0.13,0,0.03,0,,,,,,,
449.mp4,0.1,0,0,0,0,,,,,,,
450.mp4,0.06,0.05,0.01,0,0,,,,,,,
451.mp4,0.06,0,0,0.02,0,,,,,,,
452.mp4,0.38,0,0,0.35,0.01,,,,,,,
453.mp4,0.25,0.15,0.06,0.2,0.13,,,,,,,
454.mp4,0.11,0,0,0,0,,,,,,,
455.mp4,0.3,0,0,0,0,,,,,,,
456.mp4,0.24,0,0,0.04,0,,,,,,,
457.mp4,0.15,0,0,0,0,,,,,,,
458.mp4,0.36,0.21,0.11,0.05,0.2,,,,,,,
459.mp4,0.2,0.01,0,0.01,0.03,,,,,,,
460.mp4,0.26,0,0.25,0.25,0.08,,,,,,,
461.mp4,0.12,0,0,0.01,0,,,,,,,
462.mp4,0.2,0.04,0,0.03,0,,,,,,,
463.mp4,0.32,0,0.04,0.05,0.07,,,,,,,
464.mp4,0.33,0.01,0.05,0.2,0.15,,,,,,,
465.mp4,0.2,0.06,0,0,0,,,,,,,
466.mp4,0.21,0.5,0.07,0.03,0.05,,,,,,,
467.mp4,0.41,0,0.09,0,0.19,,,,,,,
468.mp4,0.36,0,0,0.09,0,,,,,,,
469.mp4,0.27,0.1,0,0.06,0.03,,,,,,,
470.mp4,0.25,0,0.02,0,0.02,,,,,,,
471.mp4,0.27,0,0,0,0,,,,,,,
472.mp4,0.13,0.01,0,0.03,0,,,,,,,
473.mp4,0.53,0.03,0,0.06,0.01,,,,,,,
474.mp4,0.19,0,0,0.01,0,,,,,,,
475.mp4,0.21,0,0.06,0.35,0.01,,,,,,,
476.mp4,0.17,0.06,0.08,0.07,0.09,,,,,,,
477.mp4,0.38,0.01,0,0,0.13,,,,,,,
478.mp4,0.21,0,0,0,0,,,,,,,
479.mp4,0.22,0,0.08,0.1,0.16,,,,,,,
480.mp4,0.32,0.01,0.47,0.19,0.45,,,,,,,
481.mp4,0.46,0.12,0,0.05,0.02,,,,,,,
482.mp4,0.29,0,0,0.09,0.02,,,,,,,
483.mp4,0.54,0.08,0.17,0.39,0.08,,,,,,,
484.mp4,0.2,0,0,0.01,0,,,,,,,
485.mp4,0.29,0,0,0.15,0,,,,,,,
486.mp4,0.33,0.02,0.06,0.47,0.01,,,,,,,
487.mp4,0.24,0.08,0,0.53,0.03,,,,,,,
488.mp4,0.06,0,0,0,0,,,,,,,
489.mp4,0.27,0.12,0.01,0.04,0.08,,,,,,,
490.mp4,0.33,0,0.03,0.02,0.04,,,,,,,
491.mp4,0.28,0.05,0.01,0.11,0.05,,,,,,,
492.mp4,0.39,0.01,0,0.01,0.01,,,,,,,
493.mp4,0.27,0,0.08,0.08,0.25,,,,,,,
494.mp4,0.26,0,0,0,0,,,,,,,
495.mp4,0.32,0,0,0,0,,,,,,,
496.mp4,0.4,0.03,0,0.03,0.01,,,,,,,
497.mp4,0.3,0,0.04,0.01,0.02,,,,,,,
498.mp4,0.33,0,0,0.01,0,,,,,,,
499.mp4,0.07,0,0.03,0.07,0,,,,,,,
500.mp4,0.23,0,0,0,0.02,,,,,,,
501.mp4,0.01,0.06,0,0.17,0,,,,,,,
502.mp4,0.22,0,0,0,0,,,,,,,
503.mp4,0.08,0,0,0.31,0,,,,,,,
504.mp4,0.38,0,0,0,0.01,,,,,,,
505.mp4,0.08,0,0,0.04,0.04,,,,,,,
506.mp4,0.24,0.01,0.03,0.01,0.22,,,,,,,
507.mp4,0.29,0,0,0.12,0,,,,,,,
508.mp4,0.3,0,0.61,0.02,0.42,,,,,,,
509.mp4,0.28,0,0,0,0.02,,,,,,,
510.mp4,0.76,0,0,0,0,,,,,,,
511.mp4,0.46,0,0.03,0,0.08,,,,,,,
512.mp4,0.25,0,0,0,0.02,,,,,,,
513.mp4,0.21,0.01,0,0.22,0,,,,,,,
514.mp4,0.27,0,0,0.02,0,,,,,,,
515.mp4,0.26,0,0,0.01,0,,,,,,,
516.mp4,0.37,0,0,0.01,0,,,,,,,
517.mp4,0.52,0.19,0.01,0.13,0,,,,,,,
518.mp4,0.23,0,0,0,0.01,,,,,,,
519.mp4,0.07,0,0,0,0,,,,,,,
520.mp4,0.43,0.04,0.02,0.13,0,,,,,,,
521.mp4,0.23,0,0.23,0.07,0.24,,,,,,,
522.mp4,0.75,0,0.01,0.02,0.04,,,,,,,
523.mp4,0.38,0,0,0.05,0,,,,,,,
524.mp4,0.24,0,0.04,0.05,0.05,,,,,,,
525.mp4,0.37,0,0,0,0,,,,,,,
526.mp4,0.67,0.03,0,0.06,0,,,,,,,
527.mp4,0.33,0,0,0.03,0,,,,,,,
528.mp4,0.13,0.01,0,0,0,,,,,,,
529.mp4,0.31,0,0,0,0.01,,,,,,,
530.mp4,0.2,0,0.05,0,0,,,,,,,
531.mp4,0.17,0.23,0,0.06,0,,,,,,,
532.mp4,0.35,0.22,0.3,0.33,0.45,,,,,,,
533.mp4,0.07,0.01,0,0.17,0.01,,,,,,,
534.mp4,0.28,0,0,0.01,0,,,,,,,
535.mp4,0.23,0,0.23,0.22,0.37,,,,,,,
536.mp4,0.25,0,0.2,0.09,0.24,,,,,,,
537.mp4,0.15,0.01,0,0,0,,,,,,,
538.mp4,0.03,0,0,0,0.01,,,,,,,
539.mp4,0.16,0.16,0,0,0.01,,,,,,,
540.mp4,0.15,0.27,0.05,0.26,0.11,,,,,,,
541.mp4,0.08,0.04,0,0.01,0,,,,,,,
542.mp4,0.38,0,0.09,0,0.12,,,,,,,
543.mp4,0.24,0,0,0.03,0,,,,,,,
544.mp4,0.8,0.01,0.03,0.05,0.03,,,,,,,
545.mp4,0.15,0,0.02,0.02,0,,,,,,,
546.mp4,0.15,0,0,0,0,,,,,,,
547.mp4,0.48,0,0.01,0.01,0.02,,,,,,,
548.mp4,0.61,0,0,0,0,,,,,,,
549.mp4,0.19,0,0,0,0.08,,,,,,,
550.mp4,0.19,0.04,0.12,0,0.27,,,,,,,
551.mp4,0.35,0,0,0.05,0,,,,,,,
552.mp4,0.04,0,0,0,0,,,,,,,
553.mp4,0.15,0,0,0,0,,,,,,,
554.mp4,0.3,0.02,0,0.06,0,,,,,,,
555.mp4,0.15,0,0,0,0.01,,,,,,,
556.mp4,0.31,0.01,0,0.02,0.01,,,,,,,
557.mp4,0.34,0,0,0.02,0,,,,,,,
558.mp4,0.43,0.01,0.01,0.07,0.01,,,,,,,
559.mp4,0.38,0,0.04,0,0.01,,,,,,,
560.mp4,0.08,0,0,0,0.01,,,,,,,
561.mp4,0.28,0,0,0.03,0.01,,,,,,,
562.mp4,0.61,0.05,0,0.03,0,,,,,,,
563.mp4,0.27,0,0.01,0.01,0.02,,,,,,,
564.mp4,0.05,0.01,0,0.19,0,,,,,,,
565.mp4,0.3,0,0,0.16,0,,,,,,,
566.mp4,0.77,0,0.01,0.01,0,,,,,,,
567.mp4,0.4,0,0,0.06,0,,,,,,,
568.mp4,0.05,0,0,0,0,,,,,,,
569.mp4,0.43,0,0,0,0.02,,,,,,,
570.mp4,0.24,0.34,0.05,0.06,0.01,,,,,,,
571.mp4,0.68,0,0,0,0,,,,,,,
572.mp4,0.35,0,0.11,0.07,0.16,,,,,,,
573.mp4,0.28,0.09,0.37,0.14,0.17,,,,,,,
574.mp4,0.16,0,0,0,0,,,,,,,
575.mp4,0.37,0,0.03,0.01,0.04,,,,,,,
576.mp4,0,0,0,0,0,,,,,,,
577.mp4,0.85,0,0,0,0,,,,,,,
578.mp4,0.28,0,0,0.08,0,,,,,,,
579.mp4,0.32,0.02,0,0.02,0.02,,,,,,,
580.mp4,0.33,0.01,0,0,0.01,,,,,,,
581.mp4,0.07,0.01,0,0.03,0,,,,,,,
582.mp4,0.11,0.03,0.05,0.01,0.06,,,,,,,
583.mp4,0.24,0.36,0.04,0.09,0.11,,,,,,,
584.mp4,0.17,0,0,0.72,0,,,,,,,
585.mp4,0.18,0.02,0.01,0.01,0.01,,,,,,,
586.mp4,0.37,0.02,0.01,0.07,0.01,,,,,,,
587.mp4,0.04,0.05,0,0,0,,,,,,,
588.mp4,0.26,0,0.01,0,0.02,,,,,,,
589.mp4,0.3,0,0,0,0,,,,,,,
590.mp4,0.38,0.02,0,0.04,0,,,,,,,
591.mp4,0.43,0.09,0.01,0.01,0.01,,,,,,,
592.mp4,0.3,0,0.01,0.36,0.02,,,,,,,
593.mp4,0.28,0.03,0,0,0,,,,,,,
594.mp4,0.7,0,0,0,0,,,,,,,
595.mp4,0.19,0.04,0.01,0.02,0,,,,,,,
596.mp4,0.21,0.04,0.08,0.06,0.09,,,,,,,
597.mp4,0.05,0,0.02,0.02,0,,,,,,,
598.mp4,0.3,0.06,0.06,0.26,0.21,,,,,,,
599.mp4,0.41,0,0,0.01,0.01,,,,,,,
600.mp4,0.03,0.15,0,0,0,,,,,,,
601.mp4,0.23,0,0,0.02,0,,,,,,,
602.mp4,0.55,0,0.02,0.01,0.03,,,,,,,
603.mp4,0.11,0.27,0,0,0,,,,,,,
604.mp4,0.29,0,0,0.02,0,,,,,,,
605.mp4,0.23,0,0.01,0,0,,,,,,,
606.mp4,0.11,0.41,0.01,0,0,,,,,,,
607.mp4,0.28,0,0.44,0.67,0.53,,,,,,,
608.mp4,0.22,0,0,0,0,,,,,,,
609.mp4,0.31,0.02,0.03,0.13,0,,,,,,,
610.mp4,0.26,0,0.1,0,0.14,,,,,,,
611.mp4,0.03,0,0,0.02,0,,,,,,,
612.mp4,0.38,0,0.02,0.1,0.01,,,,,,,
613.mp4,0.37,0,0,0,0,,,,,,,
614.mp4,0.2,0,0,0.01,0.01,,,,,,,
615.mp4,0.23,0,0.08,0.19,0.04,,,,,,,
616.mp4,0.18,0,0,0,0,,,,,,,
617.mp4,0.07,0.01,0,0,0,,,,,,,
618.mp4,0.14,0,0.04,0.03,0,,,,,,,
619.mp4,0.15,0,0,0.02,0,,,,,,,
620.mp4,0.4,0,0,0,0,,,,,,,
621.mp4,0.09,0,0,0,0,,,,,,,
622.mp4,0.44,0.01,0.01,0.2,0,,,,,,,
623.mp4,0.51,0,0.11,0.66,0.1,,,,,,,
624.mp4,0.49,0,0.01,0.06,0.06,,,,,,,
625.mp4,0.28,0,0.1,0.05,0.19,,,,,,,
626.mp4,0.36,0,0.04,0.05,0.02,,,,,,,
627.mp4,0.21,0,0,0.08,0,,,,,,,
628.mp4,0.01,0,0,0,0,,,,,,,
629.mp4,0.2,0.01,0.02,0.01,0.09,,,,,,,
630.mp4,0.1,0.32,0,0,0,,,,,,,
631.mp4,0.25,0.07,0,0,0,,,,,,,
632.mp4,0.25,0,0,0,0,,,,,,,
633.mp4,0.37,0.14,0.2,0.28,0.02,,,,,,,
634.mp4,0.35,0,0.09,0.03,0.14,,,,,,,
635.mp4,0.18,0.27,0,0.82,0,,,,,,,
636.mp4,0.81,0.08,0.11,0.04,0.16,,,,,,,
637.mp4,0.17,0,0,0,0.02,,,,,,,
638.mp4,0.29,0,0.01,0.09,0.01,,,,,,,
639.mp4,0.32,0,0.01,0,0.02,,,,,,,
640.mp4,0.56,0,0.06,0.02,0.1,,,,,,,
641.mp4,0.25,0.02,0,0.17,0,,,,,,,
642.mp4,0.26,0,0,0,0,,,,,,,
643.mp4,0.33,0,0.04,0.02,0.11,,,,,,,
644.mp4,0.22,0.02,0.15,0.11,0.44,,,,,,,
645.mp4,0.58,0.01,0.06,0.16,0.1,,,,,,,
646.mp4,0.1,0,0,0.1,0,,,,,,,
647.mp4,0.3,0,0.19,0.02,0.28,,,,,,,
648.mp4,0.28,0,0,0.01,0,,,,,,,
649.mp4,0.36,0,0,0.01,0,,,,,,,
650.mp4,0.03,0.27,0,0.03,0,,,,,,,
651.mp4,0.4,0,0.04,0,0.04,,,,,,,
652.mp4,0.66,0,0.02,0.06,0.02,,,,,,,
653.mp4,0.03,0.01,0,0,0,,,,,,,
654.mp4,0.15,0,0,0,0,,,,,,,
655.mp4,0.28,0,0.01,0.01,0.01,,,,,,,
656.mp4,0.01,0,0,0,0,,,,,,,
657.mp4,0.29,0.03,0,0.01,0,,,,,,,
658.mp4,0.03,0,0,0,0,,,,,,,
659.mp4,0.26,0.03,0.08,0.19,0.19,,,,,,,
660.mp4,0.26,0.11,0.04,0.02,0.01,,,,,,,
661.mp4,0.2,0,0,0,0,,,,,,,
662.mp4,0.07,0,0,0,0.08,,,,,,,
663.mp4,0.18,0,0,0.01,0,,,,,,,
664.mp4,0.44,0,0,0,0,,,,,,,
665.mp4,0.33,0.02,0,0.21,0,,,,,,,
666.mp4,0.15,0,0,0.17,0,,,,,,,
667.mp4,0.86,0,0,0.01,0,,,,,,,
668.mp4,0.33,0,0,0.02,0,,,,,,,
669.mp4,0.33,0.04,0.01,0,0,,,,,,,
670.mp4,0.23,0,0,0,0,,,,,,,
671.mp4,0.26,0,0.09,0.07,0.1,,,,,,,
672.mp4,0.27,0,0.01,0,0.13,,,,,,,
673.mp4,0.4,0,0.06,0.01,0.04,,,,,,,
674.mp4,0.28,0,0.01,0,0.06,,,,,,,
675.mp4,0.33,0,0,0.02,0,,,,,,,
676.mp4,0.14,0,0,0,0,,,,,,,
677.mp4,0.14,0.01,0.12,0.03,0.17,,,,,,,
678.mp4,0.15,0.12,0.02,0.06,0.06,,,,,,,
679.mp4,0.24,0,0,0,0,,,,,,,
680.mp4,0.23,0.01,0.02,0.01,0.01,,,,,,,
681.mp4,0.06,0,0,0,0,,,,,,,
682.mp4,0.32,0.01,0.05,0,0.19,,,,,,,
683.mp4,0.25,0,0,0.01,0,,,,,,,
684.mp4,0.27,0,0.02,0.04,0.02,,,,,,,
685.mp4,0.21,0,0,0.01,0,,,,,,,
686.mp4,0.36,0,0.02,0,0.02,,,,,,,
687.mp4,0.2,0.02,0.06,0,0.09,,,,,,,
688.mp4,0.53,0.02,0.06,0.01,0.09,,,,,,,
689.mp4,0.18,0,0.01,0.07,0,,,,,,,
690.mp4,0.37,0,0.02,0.09,0.01,,,,,,,
691.mp4,0.36,0,0.01,0,0.01,,,,,,,
692.mp4,0.39,0.17,0.01,0.26,0.01,,,,,,,
693.mp4,0.33,0,0.22,0.3,0.25,,,,,,,
694.mp4,0.22,0,0,0,0,,,,,,,
695.mp4,0.22,0.07,0.01,0.05,0.04,,,,,,,
696.mp4,0.11,0.06,0.04,0.11,0.03,,,,,,,
697.mp4,0.12,0,0.29,0.02,0.12,,,,,,,
698.mp4,0.28,0.03,0,0.04,0.01,,,,,,,
699.mp4,0.3,0,0.02,0.18,0.01,,,,,,,
700.mp4,0.39,0,0,0.08,0.01,,,,,,,
701.mp4,0.8,0,0.01,0,0,,,,,,,
702.mp4,0.39,0.08,0.02,0.01,0.04,,,,,,,
703.mp4,0.22,0,0.18,0,0.1,,,,,,,
704.mp4,0.25,0,0,0.06,0.02,,,,,,,
705.mp4,0.25,0,0.02,0.04,0.01,,,,,,,
706.mp4,0.17,0.07,0.08,0.01,0.02,,,,,,,
707.mp4,0.23,0,0,0,0,,,,,,,
708.mp4,0.32,0.42,0.09,0.05,0.13,,,,,,,
709.mp4,0.29,0,0,0,0,,,,,,,
710.mp4,0.03,0,0,0.01,0,,,,,,,
711.mp4,0.23,0,0,0.02,0,,,,,,,
712.mp4,0.43,0,0,0,0.07,,,,,,,
713.mp4,0.29,0.01,0,0.01,0,,,,,,,
714.mp4,0.58,0,0,0.15,0.05,,,,,,,
715.mp4,0.25,0.07,0,0,0,,,,,,,
716.mp4,0.34,0.1,0,0.01,0,,,,,,,
717.mp4,0.07,0.02,0,0.04,0,,,,,,,
718.mp4,0.48,0,0,0,0,,,,,,,
719.mp4,0.13,0,0.02,0,0.01,,,,,,,
720.mp4,0.25,0,0,0.17,0,,,,,,,
721.mp4,0.28,0,0,0.02,0,,,,,,,
722.mp4,0.38,0.06,0.09,0.11,0.13,,,,,,,
723.mp4,0.03,0,0.02,0.02,0,,,,,,,
724.mp4,0.18,0,0.03,0,0.1,,,,,,,
725.mp4,0.15,0,0,0.4,0.02,,,,,,,
726.mp4,0.28,0,0.01,0.16,0.04,,,,,,,
727.mp4,0.29,0,0,0,0,,,,,,,
728.mp4,0.48,0,0,0.02,0,,,,,,,
729.mp4,0.17,0,0,0,0.01,,,,,,,
730.mp4,0.13,0.05,0,0,0,,,,,,,
731.mp4,0.4,0.02,0.01,0.13,0.01,,,,,,,
732.mp4,0.31,0,0,0.01,0,,,,,,,
733.mp4,0.04,0.03,0,0.06,0,,,,,,,
734.mp4,0.16,0.22,0,0,0,,,,,,,
735.mp4,0.26,0,0,0.05,0,,,,,,,
736.mp4,0.69,0.02,0.01,0.02,0.01,,,,,,,
737.mp4,0.02,0,0,0,0,,,,,,,
738.mp4,0.24,0,0.06,0.04,0.15,,,,,,,
739.mp4,0.18,0,0,0.01,0.09,,,,,,,
740.mp4,0.18,0,0,0.03,0,,,,,,,
741.mp4,0.23,0,0.18,0.05,0.06,,,,,,,
742.mp4,0.21,0.48,0.01,0,0.03,,,,,,,
743.mp4,0.42,0.01,0.06,0.08,0.02,,,,,,,
744.mp4,0,0.04,0,0.02,0,,,,,,,
745.mp4,0.18,0,0,0.01,0,,,,,,,
746.mp4,0.7,0,0,0.01,0.02,,,,,,,
747.mp4,0.08,0,0,0,0,,,,,,,
748.mp4,0.38,0.34,0,0.23,0.01,,,,,,,
749.mp4,0.36,0.11,0,0.07,0.21,,,,,,,
750.mp4,0.34,0,0.05,0.02,0.06,,,,,,,
751.mp4,0.18,0,0,0.07,0.01,,,,,,,
752.mp4,0.2,0,0,0,0,,,,,,,
753.mp4,0.29,0,0,0,0,,,,,,,
754.mp4,0.36,0,0.19,0,0.26,,,,,,,
755.mp4,0.23,0,0,0.02,0,,,,,,,
756.mp4,0.17,0,0.02,0,0.16,,,,,,,
757.mp4,0.35,0,0.01,0.27,0,,,,,,,
758.mp4,0.11,0,0,0.12,0,,,,,,,
759.mp4,0.26,0.01,0,0,0,,,,,,,
760.mp4,0.71,0,0,0.01,0.01,,,,,,,
761.mp4,0.27,0.03,0.16,0.11,0.14,,,,,,,
762.mp4,0.31,0,0.23,0,0.32,,,,,,,
763.mp4,0.28,0,0.26,0,0.35,,,,,,,
764.mp4,0.82,0.1,0.1,0.09,0.11,,,,,,,
765.mp4,0.96,0,0.1,0.25,0.19,,,,,,,
766.mp4,0.1,0,0,0.02,0,,,,,,,
767.mp4,0.08,0,0,0,0,,,,,,,
768.mp4,0.08,0.04,0,0,0,,,,,,,
769.mp4,0.34,0,0.15,0.03,0.16,,,,,,,
770.mp4,0.33,0,0,0.01,0,,,,,,,
771.mp4,0.19,0.03,0,0.37,0.05,,,,,,,
772.mp4,0.41,0.05,0.27,0.25,0.17,,,,,,,
773.mp4,0.06,0,0,0,0,,,,,,,
774.mp4,0.27,0,0.04,0,0.01,,,,,,,
775.mp4,0.09,0,0,0.09,0.03,,,,,,,
776.mp4,0.35,0,0.01,0.03,0.01,,,,,,,
777.mp4,0.22,0,0,0,0,,,,,,,
778.mp4,0.3,0.52,0.04,0.01,0.04,,,,,,,
779.mp4,0.39,0,0.01,0,0,,,,,,,
780.mp4,0.29,0,0.19,0.22,0.18,,,,,,,
781.mp4,0.25,0,0,0.02,0,,,,,,,
782.mp4,0.11,0,0,0,0.01,,,,,,,
783.mp4,0.65,0.19,0,0,0,,,,,,,
784.mp4,0.79,0.05,0.02,0.06,0.01,,,,,,,
785.mp4,0.21,0,0.01,0.01,0.01,,,,,,,
786.mp4,0.45,0,0.01,0.01,0.01,,,,,,,
787.mp4,0.48,0,0,0.12,0,,,,,,,
788.mp4,0.22,0,0.01,0.01,0,,,,,,,
789.mp4,0.18,0,0,0.01,0,,,,,,,
790.mp4,0.25,0,0,0,0,,,,,,,
791.mp4,0.27,0,0,0.01,0,,,,,,,
792.mp4,0.2,0.27,0.02,0.01,0,,,,,,,
793.mp4,0.27,0,0,0,0,,,,,,,
794.mp4,0.46,0,0,0,0,,,,,,,
795.mp4,0.32,0.05,0.01,0.12,0.01,,,,,,,
796.mp4,0.42,0.02,0.02,0.02,0.02,,,,,,,
797.mp4,0.1,0.01,0,0,0,,,,,,,
798.mp4,0.22,0,0.38,0.08,0.14,,,,,,,
799.mp4,0.29,0,0,0,0,,,,,,,
800.mp4,0.26,0.01,0.14,0.05,0.12,,,,,,,
801.mp4,0.86,0,0,0,0,,,,,,,
802.mp4,0.19,0.49,0.06,0.51,0.28,,,,,,,
803.mp4,0.31,0.09,0,0.01,0,,,,,,,
804.mp4,0.34,0,0,0.01,0,,,,,,,
805.mp4,0.16,0.62,0,0,0.01,,,,,,,
806.mp4,0.33,0,0.02,0.02,0.02,,,,,,,
807.mp4,0.34,0,0,0.09,0,,,,,,,
808.mp4,0.38,0,0,0.02,0,,,,,,,
809.mp4,0.2,0,0,0,0,,,,,,,
810.mp4,0.26,0,0,0,0.02,,,,,,,
811.mp4,0.28,0,0,0,0,,,,,,,
812.mp4,0.52,0,0,0,0,,,,,,,
813.mp4,0.36,0.33,0.16,0.05,0.16,,,,,,,
814.mp4,0.18,0,0,0.03,0.02,,,,,,,
815.mp4,0.41,0,0.02,0,0.04,,,,,,,
816.mp4,0.13,0.31,0.01,0.02,0.17,,,,,,,
817.mp4,0.5,0.07,0.01,0.02,0,,,,,,,
818.mp4,0.88,0,0,0,0,,,,,,,
819.mp4,0.43,0.11,0,0,0,,,,,,,
820.mp4,0.38,0.25,0,0.09,0,,,,,,,
821.mp4,0.32,0,0,0.01,0.02,,,,,,,
822.mp4,0.3,0,0.01,0.05,0.01,,,,,,,
823.mp4,0.69,0,0,0,0,,,,,,,
824.mp4,0.71,0.01,0.02,0,0.02,,,,,,,
825.mp4,0.12,0,0,0.04,0,,,,,,,
826.mp4,0.3,0,0,0.01,0,,,,,,,
827.mp4,0.31,0,0.61,0.59,0.39,,,,,,,
828.mp4,0.2,0.13,0,0,0,,,,,,,
829.mp4,0.18,0,0,0,0,,,,,,,
830.mp4,0.77,0,0,0.01,0,,,,,,,
831.mp4,0.25,0.09,0,0.2,0,,,,,,,
832.mp4,0.43,0.01,0,0.02,0,,,,,,,
833.mp4,0.32,0,0,0.1,0.01,,,,,,,
834.mp4,0.01,0,0,0,0,,,,,,,
835.mp4,0.48,0.01,0,0.01,0,,,,,,,
836.mp4,0.15,0,0,0,0,,,,,,,
837.mp4,0.4,0,0.01,0.09,0.02,,,,,,,
838.mp4,0.36,0,0,0.02,0,,,,,,,
839.mp4,0.26,0,0.04,0.02,0.06,,,,,,,
840.mp4,0.22,0.04,0.01,0.1,0.04,,,,,,,
841.mp4,0.33,0.06,0,0.53,0,,,,,,,
842.mp4,0.48,0,0.14,0,0,,,,,,,
843.mp4,0.15,0,0,0,0,,,,,,,
844.mp4,0.29,0,0,0.01,0,,,,,,,
845.mp4,0.49,0,0.01,0,0.01,,,,,,,
846.mp4,0.07,0,0,0.05,0,,,,,,,
847.mp4,0.22,0.02,0.01,0.23,0.01,,,,,,,
848.mp4,0.4,0,0,0,0,,,,,,,
849.mp4,0.3,0,0,0,0,,,,,,,
850.mp4,0.3,0,0.01,0,0,,,,,,,
851.mp4,0.28,0.01,0,0,0,,,,,,,
852.mp4,0.25,0,0,0.16,0,,,,,,,
853.mp4,0.19,0,0,0.05,0.05,,,,,,,
854.mp4,0.36,0,0,0,0,,,,,,,
855.mp4,0.42,0,0.01,0.01,0.01,,,,,,,
856.mp4,0.01,0,0,0,0,,,,,,,
857.mp4,0.05,0,0,0.03,0,,,,,,,
858.mp4,0.2,0,0,0,0,,,,,,,
859.mp4,0.3,0,0,0,0,,,,,,,
860.mp4,0.04,0,0,0.04,0,,,,,,,
861.mp4,0.22,0,0,0.03,0,,,,,,,
862.mp4,0.21,0,0,0.05,0,,,,,,,
863.mp4,0.22,0,0,0,0,,,,,,,
864.mp4,0.23,0,0,0,0,,,,,,,
865.mp4,0.26,0.01,0.05,0.18,0.06,,,,,,,
866.mp4,0.34,0,0,0,0,,,,,,,
867.mp4,0.11,0.1,0.01,0.03,0,,,,,,,
868.mp4,0.3,0.01,0.33,0.26,0.35,,,,,,,
869.mp4,0.77,0.12,0.02,0.05,0.06,,,,,,,
870.mp4,0.16,0,0,0,0,,,,,,,
871.mp4,0.24,0,0,0,0.01,,,,,,,
872.mp4,0.49,0,0.01,0,0.07,,,,,,,
873.mp4,0.82,0,0,0.07,0,,,,,,,
874.mp4,0.32,0.01,0,0.01,0,,,,,,,
875.mp4,0.41,0.03,0,0.07,0,,,,,,,
876.mp4,0.36,0,0.01,0.05,0.02,,,,,,,
877.mp4,0.45,0,0,0,0.02,,,,,,,
878.mp4,0.34,0,0,0,0,,,,,,,
879.mp4,0.4,0.18,0.18,0.01,0.05,,,,,,,
880.mp4,0.31,0,0.01,0,0.02,,,,,,,
881.mp4,0.33,0,0,0,0,,,,,,,
882.mp4,0.2,0.01,0,0,0,,,,,,,
883.mp4,0.06,0,0,0,0,,,,,,,
884.mp4,0.1,0,0,0,0,,,,,,,
885.mp4,0.33,0,0,0.02,0,,,,,,,
886.mp4,0.42,0,0,0,0,,,,,,,
887.mp4,0.28,0,0,0,0,,,,,,,
888.mp4,0.45,0,0,0,0,,,,,,,
889.mp4,0.68,0.18,0,0.03,0,,,,,,,
890.mp4,0.21,0.11,0.09,0.1,0.08,,,,,,,
891.mp4,0.22,0,0,0,0,,,,,,,
892.mp4,0.26,0.01,0.01,0,0.01,,,,,,,
893.mp4,0.3,0,0.01,0,0.04,,,,,,,
894.mp4,0.3,0,0.06,0,0.02,,,,,,,
895.mp4,0.2,0,0,0,0.02,,,,,,,
896.mp4,0.32,0,0,0,0,,,,,,,
897.mp4,0.4,0.1,0.25,0.05,0.34,,,,,,,
898.mp4,0.06,0,0,0,0,,,,,,,
899.mp4,0.2,0,0,0,0,,,,,,,
900.mp4,0.11,0,0,0,0,,,,,,,
901.mp4,0.1,0.01,0,0,0,,,,,,,
902.mp4,0.45,0,0.08,0.09,0.11,,,,,,,
903.mp4,0.36,0,0.14,0.21,0.21,,,,,,,
904.mp4,0.11,0,0,0.18,0,,,,,,,
905.mp4,0.36,0,0.06,0.01,0.01,,,,,,,
906.mp4,0.38,0,0.15,0.11,0.2,,,,,,,
907.mp4,0.49,0.01,0.08,0.04,0.06,,,,,,,
908.mp4,0.29,0.03,0.06,0.27,0.61,,,,,,,
909.mp4,0.39,0,0.12,0,0.23,,,,,,,
910.mp4,0.1,0.08,0,0.56,0,,,,,,,
911.mp4,0.64,0,0.05,0,0.04,,,,,,,
912.mp4,0.36,0.04,0,0.02,0,,,,,,,
913.mp4,0.26,0.04,0,0.12,0.01,,,,,,,
914.mp4,0.34,0,0,0,0,,,,,,,
915.mp4,0.37,0,0,0.07,0,,,,,,,
916.mp4,0.25,0.06,0.17,0.23,0.61,,,,,,,
917.mp4,0.35,0.05,0.1,0.24,0.1,,,,,,,
918.mp4,0.07,0,0,0,0,,,,,,,
919.mp4,0.17,0,0,0.09,0,,,,,,,
920.mp4,0.28,0,0,0,0,,,,,,,
921.mp4,0.27,0,0,0.02,0,,,,,,,
922.mp4,0.09,0,0,0,0.01,,,,,,,
923.mp4,0.24,0,0,0.04,0.02,,,,,,,
924.mp4,0.32,0.13,0.03,0.02,0.07,,,,,,,
925.mp4,0.45,0,0.04,0,0.08,,,,,,,
926.mp4,0.25,0,0,0.01,0,,,,,,,
927.mp4,0.27,0,0.02,0.03,0.04,,,,,,,
928.mp4,0.29,0,0.01,0.15,0.05,,,,,,,
929.mp4,0.14,0.02,0.01,0.01,0.01,,,,,,,
930.mp4,0.4,0,0,0.01,0,,,,,,,
931.mp4,0.06,0,0.04,0.2,0.09,,,,,,,
932.mp4,0.53,0.02,0.62,0.01,0.64,,,,,,,
933.mp4,0.32,0,0,0.35,0.03,,,,,,,
934.mp4,0.49,0,0,0.1,0,,,,,,,
935.mp4,0.3,0,0.03,0,0.09,,,,,,,
936.mp4,0.09,0,0,0.01,0.03,,,,,,,
937.mp4,0.32,0,0,0,0,,,,,,,
938.mp4,0.35,0,0,0,0,,,,,,,
939.mp4,0.1,0,0,0.01,0,,,,,,,
940.mp4,0.24,0.13,0,0.15,0.06,,,,,,,
941.mp4,0.16,0,0,0.01,0.07,,,,,,,
942.mp4,0.47,0,0,0,0,,,,,,,
943.mp4,0.52,0,0,0,0,,,,,,,
944.mp4,0.18,0,0,0.14,0,,,,,,,
945.mp4,0.21,0,0.08,0.07,0.15,,,,,,,
946.mp4,0.18,0.03,0,0.04,0.01,,,,,,,
947.mp4,0.3,0,0.05,0,0.05,,,,,,,
948.mp4,0.09,0.03,0.04,0.09,0.08,,,,,,,
949.mp4,0.22,0.62,0.02,0.16,0.08,,,,,,,
950.mp4,0.22,0,0,0.01,0,,,,,,,
951.mp4,0.28,0.14,0,0.25,0,,,,,,,
952.mp4,0.44,0,0,0,0,,,,,,,
953.mp4,0.48,0.01,0,0.05,0.01,,,,,,,
954.mp4,0.28,0,0.01,0.12,0.02,,,,,,,
955.mp4,0.35,0,0,0.03,0,,,,,,,
956.mp4,0.26,0,0.02,0.06,0.08,,,,,,,
957.mp4,0.19,0,0,0.04,0,,,,,,,
958.mp4,0.14,0.14,0,0.01,0,,,,,,,
959.mp4,0.29,0,0.01,0,0.12,,,,,,,
960.mp4,0.3,0,0,0,0,,,,,,,
961.mp4,0.35,0.05,0,0.03,0.01,,,,,,,
962.mp4,0.13,0,0,0.02,0,,,,,,,
963.mp4,0.26,0,0.07,0.11,0.05,,,,,,,
964.mp4,0.42,0,0,0.02,0.01,,,,,,,
965.mp4,0.24,0.22,0.01,0.35,0.07,,,,,,,
966.mp4,0.24,0,0,0.03,0,,,,,,,
967.mp4,0.42,0,0,0,0,,,,,,,
968.mp4,0.34,0,0,0.03,0,,,,,,,
969.mp4,0.32,0.05,0,0.15,0,,,,,,,
970.mp4,0.28,0,0,0,0,,,,,,,
971.mp4,0.19,0,0.11,0.07,0.16,,,,,,,
972.mp4,0.36,0,0.02,0.1,0.06,,,,,,,
973.mp4,0.3,0.01,0.03,0.01,0.02,,,,,,,
974.mp4,0.25,0.04,0,0,0,,,,,,,
975.mp4,0.32,0.01,0.3,0.11,0.4,,,,,,,
976.mp4,0.26,0.08,0,0.01,0.03,,,,,,,
977.mp4,0.35,0.01,0.01,0.04,0.01,,,,,,,
978.mp4,0.39,0.05,0.01,0.06,0,,,,,,,
979.mp4,0.48,0,0.04,0,0.02,,,,,,,
980.mp4,0.09,0.01,0.04,0,0.05,,,,,,,
981.mp4,0.43,0,0,0.01,0,,,,,,,
982.mp4,0.28,0,0,0,0,,,,,,,
983.mp4,0.4,0,0.09,0.03,0.07,,,,,,,
984.mp4,0.27,0.08,0,0.01,0.02,,,,,,,
985.mp4,0.89,0,0,0.01,0,,,,,,,
986.mp4,0.23,0,0,0.14,0,,,,,,,
987.mp4,0.11,0,0,0,0,,,,,,,
988.mp4,0.21,0,0.01,0,0.01,,,,,,,
989.mp4,0.29,0.09,0.26,0.15,0.31,,,,,,,
990.mp4,0.16,0,0,0,0,,,,,,,
991.mp4,0.17,0,0,0,0,,,,,,,
992.mp4,0.39,0.01,0.01,0.69,0,,,,,,,
993.mp4,0.3,0.03,0,0.04,0,,,,,,,
994.mp4,0.51,0.02,0,0,0,,,,,,,
995.mp4,0.32,0,0,0,0,,,,,,,
996.mp4,0.25,0,0,0,0,,,,,,,
997.mp4,0.23,0,0.01,0.03,0.07,,,,,,,
998.mp4,0.13,0.07,0,0.06,0,,,,,,,
999.mp4,0.12,0,0,0,0,,,,,,,
